{
  "year": 2064,
  "energy_percentiles": {
    "p5": 0.625,
    "p25": 0.625,
    "p50": 0.625,
    "p75": 0.75,
    "p95": 0.75
  },
  "avg_shock_frac": 0.2317037037037037,
  "cluster_sizes": [
    146,
    212,
    241,
    187,
    214
  ],
  "mean_energy_by_cluster": [
    0.6806506849315068,
    0.6928066037735849,
    0.6664937759336099,
    0.6517379679144385,
    0.6623831775700935
  ],
  "K_factors": 7,
  "sd_evd": 0.001748490212973688,
  "mu_shock": 0.2169683257918552,
  "sd_shock": 0.1498859348169306,
  "resid_scale": 0.01737230254085105,
  "example_margin": null,
  "nat_baseline": 0.04720068408010361,
  "nat_mu": -0.003045985305201565,
  "nat_sd": 0.0859579155382838,
  "nat_idio_scale": 0.0347674646178561,
  "pv_shift_by_cluster": [
    0.04171915086194065,
    0.04545592292863454,
    0.046931055142962565,
    0.0460475979067799,
    0.04350244609458141
  ],
  "nat_party_constraint": null,
  "nat_min_delta_required": null,
  "nat_max_delta_required": null
}