{
  "year": 2028,
  "energy_percentiles": {
    "p5": 2.745342309231043,
    "p25": 3.5162191629163937,
    "p50": 3.9992390669865996,
    "p75": 4.432673774488233,
    "p95": 4.741380343463486
  },
  "avg_shock_frac": 0.17218518518518516,
  "cluster_sizes": [
    195,
    201,
    185,
    206,
    213
  ],
  "mean_energy_by_cluster": [
    4.011688533402557,
    3.940985028946643,
    3.9280867061917175,
    3.799610808707994,
    3.8897852080110047
  ],
  "K_factors": 7,
  "sd_evd": 0.001748490212973688,
  "mu_shock": 0.2169683257918552,
  "sd_shock": 0.1498859348169306,
  "resid_scale": 0.01737230254085105,
  "example_margin": null,
  "nat_baseline": -0.0157166517997343,
  "nat_mu": -0.003045985305201565,
  "nat_sd": 0.0859579155382838,
  "nat_idio_scale": 0.0347674646178561,
  "pv_shift_by_cluster": [
    0.030100773216354255,
    0.03180872282717956,
    0.03461557973718238,
    0.03348628649250947,
    0.03678459105438335
  ],
  "nat_party_constraint": "D",
  "nat_min_delta_required": 0.0157166517997343,
  "nat_max_delta_required": null
}