{
  "year": 2028,
  "energy_percentiles": {
    "p5": 3.4301303014108,
    "p25": 4.276413439038334,
    "p50": 4.935442128665173,
    "p75": 5.432894013561771,
    "p95": 5.839274168822026
  },
  "avg_shock_frac": 0.16874074074074075,
  "cluster_sizes": [
    203,
    227,
    213,
    157,
    200
  ],
  "mean_energy_by_cluster": [
    4.804647141282191,
    4.839145892733389,
    4.798663156282597,
    5.001987241464192,
    4.6950239972960075
  ],
  "K_factors": 7,
  "sd_evd": 0.001748490212973688,
  "mu_shock": 0.2169683257918552,
  "sd_shock": 0.1498859348169306,
  "resid_scale": 0.01737230254085105,
  "example_margin": null,
  "nat_baseline": -0.0157166517997343,
  "nat_mu": -0.003045985305201565,
  "nat_sd": 0.0859579155382838,
  "nat_idio_scale": 0.0347674646178561,
  "pv_shift_by_cluster": [
    0.034721780732694024,
    0.03506135557210159,
    0.03486399618849137,
    0.03183045775358449,
    0.03432410230096043
  ],
  "nat_party_constraint": "D",
  "nat_min_delta_required": 0.0157166517997343,
  "nat_max_delta_required": null
}