{
  "year": 2028,
  "energy_percentiles": {
    "p5": 2.7707205758894906,
    "p25": 3.471027879583878,
    "p50": 3.992543590670137,
    "p75": 4.395248588243108,
    "p95": 4.696046815873416
  },
  "avg_shock_frac": 0.17135185185185184,
  "cluster_sizes": [
    199,
    213,
    211,
    191,
    186
  ],
  "mean_energy_by_cluster": [
    4.011714603537215,
    3.880978683603211,
    3.7517277432241323,
    3.89921548097661,
    3.9098723899989425
  ],
  "K_factors": 7,
  "sd_evd": 0.0017364124282893889,
  "mu_shock": 0.2169683257918552,
  "sd_shock": 0.1498859348169306,
  "resid_scale": 0.01737230254085105,
  "example_margin": null,
  "nat_baseline": -0.0157166517997343,
  "nat_mu": -0.003045985305201565,
  "nat_sd": 0.0859579155382838,
  "nat_idio_scale": 0.0347674646178561,
  "pv_shift_by_cluster": [
    0.031569597504134225,
    0.03491704531035232,
    0.034756474971425894,
    0.033816661807966955,
    0.032631950212972466
  ],
  "nat_party_constraint": "D",
  "nat_min_delta_required": 0.0157166517997343,
  "nat_max_delta_required": null
}