{
  "year": 2028,
  "energy_percentiles": {
    "p5": NaN,
    "p25": NaN,
    "p50": NaN,
    "p75": NaN,
    "p95": NaN
  },
  "avg_shock_frac": 0.22812962962962963,
  "cluster_sizes": [
    220,
    186,
    197,
    218,
    179
  ],
  "mean_energy_by_cluster": [
    NaN,
    NaN,
    NaN,
    NaN,
    NaN
  ],
  "K_factors": 7,
  "sd_evd": NaN,
  "mu_shock": 0.21875000000000003,
  "sd_shock": 0.15135538693415862,
  "resid_scale": 0.01737230254085105,
  "example_margin": 0.03
}