{
  "year": 2028,
  "energy_percentiles": {
    "p5": 3.0666091098793045,
    "p25": 3.7268962636564944,
    "p50": 4.143920906838716,
    "p75": 4.4749593468245745,
    "p95": 4.7328929337416925
  },
  "avg_shock_frac": 0.16340740740740742,
  "cluster_sizes": [
    201,
    197,
    189,
    217,
    196
  ],
  "mean_energy_by_cluster": [
    4.021983456367077,
    4.05226455889167,
    4.028143609499718,
    4.090484529323241,
    4.059071187599538
  ],
  "K_factors": 7,
  "sd_evd": 0.0020336370777723823,
  "mu_shock": 0.20844564240790656,
  "sd_shock": 0.14687078427975692,
  "resid_scale": 0.017572254557168508,
  "example_margin": 0.03
}