{
  "year": 2028,
  "energy_percentiles": {
    "p5": 2.8801469283862424,
    "p25": 3.421648211100412,
    "p50": 3.8452713628365522,
    "p75": 4.211984860360253,
    "p95": 4.524838122573993
  },
  "avg_shock_frac": 0.16386274509803922,
  "cluster_sizes": [
    186,
    199,
    213,
    185,
    217
  ],
  "mean_energy_by_cluster": [
    3.7858078931234327,
    3.8148752755721316,
    3.757882809295608,
    3.776622988122666,
    3.7893619407699664
  ],
  "K_factors": 7,
  "sd_evd": 0.002084978571569542,
  "mu_shock": 0.20098039215686272,
  "sd_shock": 0.1424101867287642,
  "resid_scale": 0.017607068835327123,
  "example_margin": 0.03
}