{
  "year": 2028,
  "energy_percentiles": {
    "p5": 0.625,
    "p25": 0.75,
    "p50": 0.75,
    "p75": 0.75,
    "p95": 0.75
  },
  "avg_shock_frac": 0.20675925925925923,
  "cluster_sizes": [
    164,
    212,
    233,
    175,
    216
  ],
  "mean_energy_by_cluster": [
    0.7385670731707317,
    0.7387971698113207,
    0.73068669527897,
    0.7385714285714285,
    0.7401620370370371
  ],
  "K_factors": 7,
  "sd_evd": 0.001748490212973688,
  "mu_shock": 0.2169683257918552,
  "sd_shock": 0.1498859348169306,
  "resid_scale": 0.01737230254085105,
  "example_margin": null,
  "nat_baseline": -0.0157166517997343,
  "nat_mu": -0.003045985305201565,
  "nat_sd": 0.0859579155382838,
  "nat_idio_scale": 0.0347674646178561,
  "pv_shift_by_cluster": [
    0.03761557975586696,
    0.03327225581152371,
    0.03822825140617639,
    0.029767299088211376,
    0.035431189831093904
  ],
  "nat_party_constraint": "D",
  "nat_min_delta_required": 0.0157166517997343,
  "nat_max_delta_required": null
}