{
  "year": 2028,
  "energy_percentiles": {
    "p5": 2.7707205758894906,
    "p25": 3.471027879583878,
    "p50": 3.992543590670137,
    "p75": 4.395248588243108,
    "p95": 4.696046815873416
  },
  "avg_shock_frac": 0.17135185185185184,
  "cluster_sizes": [
    199,
    213,
    211,
    191,
    186
  ],
  "mean_energy_by_cluster": [
    4.011714603537215,
    3.880978683603211,
    3.7517277432241323,
    3.89921548097661,
    3.9098723899989425
  ],
  "K_factors": 7,
  "sd_evd": 0.0017364124282893889,
  "mu_shock": 0.2169683257918552,
  "sd_shock": 0.1498859348169306,
  "resid_scale": 0.01737230254085105,
  "example_margin": 0.03
}