{
  "year": 2028,
  "energy_percentiles": {
    "p5": 3.1567061570614023,
    "p25": 3.9190278523302347,
    "p50": 4.362850815546523,
    "p75": 4.783760243477834,
    "p95": 5.111892237294337
  },
  "avg_shock_frac": 0.17588888888888887,
  "cluster_sizes": [
    205,
    189,
    207,
    200,
    199
  ],
  "mean_energy_by_cluster": [
    4.34565955180038,
    4.233229253925923,
    4.265145214724368,
    4.331600999028782,
    4.278264718306498
  ],
  "K_factors": 7,
  "sd_evd": 0.0017364124282893889,
  "mu_shock": 0.2169683257918552,
  "sd_shock": 0.1498859348169306,
  "resid_scale": 0.01737230254085105,
  "example_margin": 0.03
}