{
  "year": 2060,
  "energy_percentiles": {
    "p5": 0.625,
    "p25": 0.75,
    "p50": 0.75,
    "p75": 0.75,
    "p95": 0.75
  },
  "avg_shock_frac": 0.23164814814814816,
  "cluster_sizes": [
    211,
    203,
    208,
    178,
    200
  ],
  "mean_energy_by_cluster": [
    0.7316350710900474,
    0.7450738916256158,
    0.7379807692307693,
    0.7275280898876404,
    0.74375
  ],
  "K_factors": 7,
  "sd_evd": 0.001748490212973688,
  "mu_shock": 0.2169683257918552,
  "sd_shock": 0.1498859348169306,
  "resid_scale": 0.01737230254085105,
  "example_margin": null,
  "nat_baseline": 0.05623695517905872,
  "nat_mu": -0.003045985305201565,
  "nat_sd": 0.0859579155382838,
  "nat_idio_scale": 0.0347674646178561,
  "pv_shift_by_cluster": [
    0.04720068408010361,
    0.05518343622239653,
    0.054432016053398063,
    0.055875116189401684,
    0.05094409906107068
  ],
  "nat_party_constraint": null,
  "nat_min_delta_required": null,
  "nat_max_delta_required": null
}