{
  "year": 2060,
  "energy_percentiles": {
    "p5": 3.7584568223669503,
    "p25": 4.5917426805478385,
    "p50": 5.151227164887647,
    "p75": 5.673961489296415,
    "p95": 6.119752324618022
  },
  "avg_shock_frac": 0.17568518518518517,
  "cluster_sizes": [
    184,
    235,
    190,
    178,
    213
  ],
  "mean_energy_by_cluster": [
    5.228883964983058,
    5.1599338891474025,
    5.017457412134463,
    5.006931906122452,
    5.0152743569312985
  ],
  "K_factors": 7,
  "sd_evd": 0.001748490212973688,
  "mu_shock": 0.2169683257918552,
  "sd_shock": 0.1498859348169306,
  "resid_scale": 0.01737230254085105,
  "example_margin": null,
  "nat_baseline": 0.26949617919378455,
  "nat_mu": -0.003045985305201565,
  "nat_sd": 0.0859579155382838,
  "nat_idio_scale": 0.0347674646178561,
  "pv_shift_by_cluster": [
    0.30378092587534655,
    0.30369158517360695,
    0.30333961249273383,
    0.30341104658415025,
    0.30196271322124296
  ],
  "nat_party_constraint": "D",
  "nat_min_delta_required": 0.0,
  "nat_max_delta_required": null
}