{
  "year": 2040,
  "energy_percentiles": {
    "p5": 3.6130083402550315,
    "p25": 4.413397983290945,
    "p50": 5.042713375497193,
    "p75": 5.564085376297646,
    "p95": 5.926634977073939
  },
  "avg_shock_frac": 0.17337037037037037,
  "cluster_sizes": [
    161,
    234,
    190,
    233,
    182
  ],
  "mean_energy_by_cluster": [
    5.056525026504531,
    4.955260525186572,
    4.960998071765259,
    4.846647983624426,
    4.942650115936808
  ],
  "K_factors": 7,
  "sd_evd": 0.001748490212973688,
  "mu_shock": 0.2169683257918552,
  "sd_shock": 0.1498859348169306,
  "resid_scale": 0.01737230254085105,
  "example_margin": null,
  "nat_baseline": 0.10649219941057858,
  "nat_mu": -0.003045985305201565,
  "nat_sd": 0.0859579155382838,
  "nat_idio_scale": 0.0347674646178561,
  "pv_shift_by_cluster": [
    0.13827451304720484,
    0.13907614428519494,
    0.14063653737584694,
    0.14161923079005015,
    0.14144064848291554
  ],
  "nat_party_constraint": "D",
  "nat_min_delta_required": 0.0,
  "nat_max_delta_required": null
}