{
  "year": 2040,
  "energy_percentiles": {
    "p5": 0.625,
    "p25": 0.75,
    "p50": 0.75,
    "p75": 0.75,
    "p95": 0.75
  },
  "avg_shock_frac": 0.21646296296296294,
  "cluster_sizes": [
    227,
    208,
    183,
    242,
    140
  ],
  "mean_energy_by_cluster": [
    0.7296255506607929,
    0.7181490384615384,
    0.73224043715847,
    0.7241735537190083,
    0.7241071428571428
  ],
  "K_factors": 7,
  "sd_evd": 0.001748490212973688,
  "mu_shock": 0.2169683257918552,
  "sd_shock": 0.1498859348169306,
  "resid_scale": 0.01737230254085105,
  "example_margin": null,
  "nat_baseline": 0.07200341545893207,
  "nat_mu": -0.003045985305201565,
  "nat_sd": 0.0859579155382838,
  "nat_idio_scale": 0.0347674646178561,
  "pv_shift_by_cluster": [
    0.06584332038812536,
    0.06763804085746776,
    0.06932613100993266,
    0.06713886992779139,
    0.06523644317062838
  ],
  "nat_party_constraint": null,
  "nat_min_delta_required": null,
  "nat_max_delta_required": null
}