{
  "year": 2032,
  "energy_percentiles": {
    "p5": 3.208377454064427,
    "p25": 3.8702273911959937,
    "p50": 4.36143108729479,
    "p75": 4.813553756331019,
    "p95": 5.122568360903221
  },
  "avg_shock_frac": 0.17944444444444446,
  "cluster_sizes": [
    179,
    213,
    210,
    188,
    210
  ],
  "mean_energy_by_cluster": [
    4.358381140536211,
    4.262286874032504,
    4.249686380105981,
    4.303207973724955,
    4.303673180208027
  ],
  "K_factors": 7,
  "sd_evd": 0.0017364124282893889,
  "mu_shock": 0.2169683257918552,
  "sd_shock": 0.1498859348169306,
  "resid_scale": 0.01737230254085105,
  "example_margin": 0.07
}