{
  "year": 2032,
  "energy_percentiles": {
    "p5": 2.789260111495633,
    "p25": 3.474791852274188,
    "p50": 3.9460710813050404,
    "p75": 4.407094855565171,
    "p95": 4.712522723754372
  },
  "avg_shock_frac": 0.1746111111111111,
  "cluster_sizes": [
    216,
    221,
    177,
    204,
    182
  ],
  "mean_energy_by_cluster": [
    3.8188431503391116,
    3.833115914110451,
    3.9634588414026757,
    3.8979126269374444,
    3.9533632402673633
  ],
  "K_factors": 7,
  "sd_evd": 0.0017364124282893889,
  "mu_shock": 0.2169683257918552,
  "sd_shock": 0.1498859348169306,
  "resid_scale": 0.01737230254085105,
  "example_margin": 0.07
}