{
  "year": 2032,
  "energy_percentiles": {
    "p5": 3.4599082383070514,
    "p25": 4.252022714097478,
    "p50": 4.852328725192429,
    "p75": 5.393682116674403,
    "p95": 5.831283497796528
  },
  "avg_shock_frac": 0.17437037037037037,
  "cluster_sizes": [
    183,
    181,
    230,
    185,
    221
  ],
  "mean_energy_by_cluster": [
    4.785668556949993,
    4.858813480341242,
    4.72718601196129,
    4.878476861849892,
    4.704205866315019
  ],
  "K_factors": 7,
  "sd_evd": 0.001748490212973688,
  "mu_shock": 0.2169683257918552,
  "sd_shock": 0.1498859348169306,
  "resid_scale": 0.01737230254085105,
  "example_margin": null,
  "nat_baseline": 0.03506135557210159,
  "nat_mu": -0.003045985305201565,
  "nat_sd": 0.0859579155382838,
  "nat_idio_scale": 0.0347674646178561,
  "pv_shift_by_cluster": [
    0.06838475612548842,
    0.06735951035835872,
    0.06894086794200094,
    0.06989893583290588,
    0.06451122215419061
  ],
  "nat_party_constraint": "D",
  "nat_min_delta_required": 0.0,
  "nat_max_delta_required": null
}