{
  "year": 2032,
  "energy_percentiles": {
    "p5": 2.787067829029581,
    "p25": 3.3963494440130906,
    "p50": 3.8457062415316052,
    "p75": 4.211388193610872,
    "p95": 4.490018825898728
  },
  "avg_shock_frac": 0.16325490196078432,
  "cluster_sizes": [
    183,
    219,
    204,
    174,
    220
  ],
  "mean_energy_by_cluster": [
    3.7257205270584444,
    3.7330128997705874,
    3.8093074971217966,
    3.8119378467744416,
    3.7646567991781157
  ],
  "K_factors": 7,
  "sd_evd": 0.002084978571569542,
  "mu_shock": 0.20098039215686272,
  "sd_shock": 0.1424101867287642,
  "resid_scale": 0.017607068835327123,
  "example_margin": null
}