{
  "year": 2032,
  "energy_percentiles": {
    "p5": 2.7837975023559176,
    "p25": 3.4925158315777756,
    "p50": 3.9489394288146507,
    "p75": 4.432432435801671,
    "p95": 4.753159000575121
  },
  "avg_shock_frac": 0.1762037037037037,
  "cluster_sizes": [
    203,
    217,
    213,
    187,
    180
  ],
  "mean_energy_by_cluster": [
    3.8749987254073277,
    3.881531250154386,
    3.805808452736354,
    4.0040852955937005,
    3.973456351675647
  ],
  "K_factors": 7,
  "sd_evd": 0.001748490212973688,
  "mu_shock": 0.2169683257918552,
  "sd_shock": 0.1498859348169306,
  "resid_scale": 0.01737230254085105,
  "example_margin": null,
  "nat_baseline": 0.03678459105438335,
  "nat_mu": -0.003045985305201565,
  "nat_sd": 0.0859579155382838,
  "nat_idio_scale": 0.0347674646178561,
  "pv_shift_by_cluster": [
    0.02992491852611269,
    0.03306066067603403,
    0.031067940429531912,
    0.03997824725601546,
    0.028880711065720058
  ],
  "nat_party_constraint": null,
  "nat_min_delta_required": null,
  "nat_max_delta_required": null
}