{
  "year": 2032,
  "energy_percentiles": {
    "p5": 3.0568210616945786,
    "p25": 3.661588147001026,
    "p50": 4.088338837547857,
    "p75": 4.444025505724738,
    "p95": 4.7280765953821
  },
  "avg_shock_frac": 0.16096296296296297,
  "cluster_sizes": [
    188,
    193,
    235,
    195,
    189
  ],
  "mean_energy_by_cluster": [
    4.066944677209371,
    3.9452710711450365,
    4.0220128337599235,
    3.9719724685861553,
    4.069233023226561
  ],
  "K_factors": 7,
  "sd_evd": 0.0020336370777723823,
  "mu_shock": 0.20844564240790656,
  "sd_shock": 0.14687078427975692,
  "resid_scale": 0.017572254557168508,
  "example_margin": 0.07
}