{
  "year": 2032,
  "energy_percentiles": {
    "p5": 2.789260111495633,
    "p25": 3.474791852274188,
    "p50": 3.9460710813050404,
    "p75": 4.407094855565171,
    "p95": 4.712522723754372
  },
  "avg_shock_frac": 0.1746111111111111,
  "cluster_sizes": [
    216,
    221,
    177,
    204,
    182
  ],
  "mean_energy_by_cluster": [
    3.8188431503391116,
    3.833115914110451,
    3.9634588414026757,
    3.8979126269374444,
    3.9533632402673633
  ],
  "K_factors": 7,
  "sd_evd": 0.0017364124282893889,
  "mu_shock": 0.2169683257918552,
  "sd_shock": 0.1498859348169306,
  "resid_scale": 0.01737230254085105,
  "example_margin": null,
  "nat_baseline": 0.03491704531035232,
  "nat_mu": -0.003045985305201565,
  "nat_sd": 0.0859579155382838,
  "nat_idio_scale": 0.0347674646178561,
  "pv_shift_by_cluster": [
    0.0306086578212243,
    0.033571187757608326,
    0.02473929595072507,
    0.028515628373351157,
    0.030297006352905193
  ],
  "nat_party_constraint": null,
  "nat_min_delta_required": null,
  "nat_max_delta_required": null
}