{
  "year": 2032,
  "energy_percentiles": {
    "p5": 0.625,
    "p25": 0.75,
    "p50": 0.75,
    "p75": 0.75,
    "p95": 0.75
  },
  "avg_shock_frac": 0.21255555555555558,
  "cluster_sizes": [
    164,
    178,
    218,
    187,
    253
  ],
  "mean_energy_by_cluster": [
    0.7324695121951219,
    0.7401685393258427,
    0.7299311926605505,
    0.7292780748663101,
    0.7252964426877471
  ],
  "K_factors": 7,
  "sd_evd": 0.001748490212973688,
  "mu_shock": 0.2169683257918552,
  "sd_shock": 0.1498859348169306,
  "resid_scale": 0.01737230254085105,
  "example_margin": null,
  "nat_baseline": 0.03822825140617639,
  "nat_mu": -0.003045985305201565,
  "nat_sd": 0.0859579155382838,
  "nat_idio_scale": 0.0347674646178561,
  "pv_shift_by_cluster": [
    0.07423105952134092,
    0.06991920708742812,
    0.07087031225953419,
    0.07786284896588544,
    0.07291955661495496
  ],
  "nat_party_constraint": "D",
  "nat_min_delta_required": 0.0,
  "nat_max_delta_required": null
}