{
  "year": 2068,
  "energy_percentiles": {
    "p5": 0.625,
    "p25": 0.625,
    "p50": 0.625,
    "p75": 0.625,
    "p95": 0.625
  },
  "avg_shock_frac": 0.22111111111111112,
  "cluster_sizes": [
    159,
    200,
    180,
    160,
    301
  ],
  "mean_energy_by_cluster": [
    0.6328616352201258,
    0.631875,
    0.6263888888888889,
    0.6296875,
    0.6303986710963455
  ],
  "K_factors": 7,
  "sd_evd": 0.001748490212973688,
  "mu_shock": 0.2169683257918552,
  "sd_shock": 0.1498859348169306,
  "resid_scale": 0.01737230254085105,
  "example_margin": null,
  "nat_baseline": 0.046931055142962565,
  "nat_mu": -0.003045985305201565,
  "nat_sd": 0.0859579155382838,
  "nat_idio_scale": 0.0347674646178561,
  "pv_shift_by_cluster": [
    0.04324573311780617,
    0.044148795757553545,
    0.047931139857647034,
    0.04535998990388369,
    0.04328129892228279
  ],
  "nat_party_constraint": null,
  "nat_min_delta_required": null,
  "nat_max_delta_required": null
}