{
  "year": 2052,
  "energy_percentiles": {
    "p5": 3.653996278269012,
    "p25": 4.399944317046422,
    "p50": 5.08837136350364,
    "p75": 5.559488420045588,
    "p95": 5.935276961770222
  },
  "avg_shock_frac": 0.17722222222222223,
  "cluster_sizes": [
    230,
    195,
    232,
    181,
    162
  ],
  "mean_energy_by_cluster": [
    4.775190968632508,
    5.041688245445362,
    4.9006318443321675,
    5.101193759679804,
    4.998370908340577
  ],
  "K_factors": 7,
  "sd_evd": 0.001748490212973688,
  "mu_shock": 0.2169683257918552,
  "sd_shock": 0.1498859348169306,
  "resid_scale": 0.01737230254085105,
  "example_margin": null,
  "nat_baseline": 0.2023826672293594,
  "nat_mu": -0.003045985305201565,
  "nat_sd": 0.0859579155382838,
  "nat_idio_scale": 0.0347674646178561,
  "pv_shift_by_cluster": [
    0.2348351504884838,
    0.2350174326464317,
    0.2374614884875807,
    0.23702450347933082,
    0.23592630860583658
  ],
  "nat_party_constraint": "D",
  "nat_min_delta_required": 0.0,
  "nat_max_delta_required": null
}