{
  "year": 2052,
  "energy_percentiles": {
    "p5": 0.625,
    "p25": 0.75,
    "p50": 0.75,
    "p75": 0.75,
    "p95": 0.75
  },
  "avg_shock_frac": 0.21927777777777777,
  "cluster_sizes": [
    206,
    201,
    210,
    148,
    235
  ],
  "mean_energy_by_cluster": [
    0.7402912621359223,
    0.7437810945273632,
    0.7309523809523809,
    0.7162162162162162,
    0.7414893617021276
  ],
  "K_factors": 7,
  "sd_evd": 0.001748490212973688,
  "mu_shock": 0.2169683257918552,
  "sd_shock": 0.1498859348169306,
  "resid_scale": 0.01737230254085105,
  "example_margin": null,
  "nat_baseline": 0.05895094369374528,
  "nat_mu": -0.003045985305201565,
  "nat_sd": 0.0859579155382838,
  "nat_idio_scale": 0.0347674646178561,
  "pv_shift_by_cluster": [
    0.05602652844866671,
    0.061523733279089964,
    0.058000979750825014,
    0.05574432736456792,
    0.06229249556584014
  ],
  "nat_party_constraint": null,
  "nat_min_delta_required": null,
  "nat_max_delta_required": null
}