{
  "year": 2036,
  "energy_percentiles": {
    "p5": 0.625,
    "p25": 0.75,
    "p50": 0.75,
    "p75": 0.75,
    "p95": 0.75
  },
  "avg_shock_frac": 0.20874074074074073,
  "cluster_sizes": [
    184,
    205,
    190,
    242,
    179
  ],
  "mean_energy_by_cluster": [
    0.7289402173913043,
    0.7298780487804878,
    0.7335526315789473,
    0.7262396694214877,
    0.7248603351955307
  ],
  "K_factors": 7,
  "sd_evd": 0.001748490212973688,
  "mu_shock": 0.2169683257918552,
  "sd_shock": 0.1498859348169306,
  "resid_scale": 0.01737230254085105,
  "example_margin": null,
  "nat_baseline": 0.07291955661495496,
  "nat_mu": -0.003045985305201565,
  "nat_sd": 0.0859579155382838,
  "nat_idio_scale": 0.0347674646178561,
  "pv_shift_by_cluster": [
    0.07281071884997334,
    0.06639588747014628,
    0.06630205393130739,
    0.07200341545893207,
    0.06698375453112236
  ],
  "nat_party_constraint": null,
  "nat_min_delta_required": null,
  "nat_max_delta_required": null
}