{
  "year": 2036,
  "energy_percentiles": {
    "p5": 3.533030631872866,
    "p25": 4.254401980266877,
    "p50": 4.875943650498725,
    "p75": 5.3944642294093414,
    "p95": 5.807663405330169
  },
  "avg_shock_frac": 0.1776296296296296,
  "cluster_sizes": [
    163,
    226,
    184,
    209,
    218
  ],
  "mean_energy_by_cluster": [
    4.648572173576308,
    4.734603749013311,
    4.893622731388527,
    4.945629080949538,
    4.735397567344295
  ],
  "K_factors": 7,
  "sd_evd": 0.001748490212973688,
  "mu_shock": 0.2169683257918552,
  "sd_shock": 0.1498859348169306,
  "resid_scale": 0.01737230254085105,
  "example_margin": null,
  "nat_baseline": 0.06894086794200094,
  "nat_mu": -0.003045985305201565,
  "nat_sd": 0.0859579155382838,
  "nat_idio_scale": 0.0347674646178561,
  "pv_shift_by_cluster": [
    0.10210169047482838,
    0.10649219941057858,
    0.10261501100310624,
    0.10268285972870264,
    0.10022053628966554
  ],
  "nat_party_constraint": "D",
  "nat_min_delta_required": 0.0,
  "nat_max_delta_required": null
}