{
  "2028": {
    "year": 2028,
    "energy_percentiles": {
      "p5": 2.745342309231043,
      "p25": 3.5162191629163937,
      "p50": 3.9992390669865996,
      "p75": 4.432673774488233,
      "p95": 4.741380343463486
    },
    "avg_shock_frac": 0.17218518518518516,
    "cluster_sizes": [
      195,
      201,
      185,
      206,
      213
    ],
    "mean_energy_by_cluster": [
      4.011688533402557,
      3.940985028946643,
      3.9280867061917175,
      3.799610808707994,
      3.8897852080110047
    ],
    "K_factors": 7,
    "sd_evd": 0.001748490212973688,
    "mu_shock": 0.2169683257918552,
    "sd_shock": 0.1498859348169306,
    "resid_scale": 0.01737230254085105,
    "example_margin": null,
    "nat_baseline": -0.0157166517997343,
    "nat_mu": -0.003045985305201565,
    "nat_sd": 0.0859579155382838,
    "nat_idio_scale": 0.0347674646178561,
    "pv_shift_by_cluster": [
      0.030100773216354255,
      0.03180872282717956,
      0.03461557973718238,
      0.03348628649250947,
      0.03678459105438335
    ],
    "nat_party_constraint": "D",
    "nat_min_delta_required": 0.0157166517997343,
    "nat_max_delta_required": null
  },
  "2028_results": [
    {
      "centroid_index": 1,
      "csv": "energy_predict\\2028\\2028_csv_centroid_1.csv",
      "txt": "energy_predict\\2028\\2028_centroid_1.txt",
      "tipping": "energy_predict\\2028\\2028_tipping_centroid_1.txt",
      "D_EV@0": 261,
      "R_EV@0": 277,
      "pv_shift": 0.030100773216354255,
      "D_EV@nat": 287,
      "R_EV@nat": 251,
      "D_EV@+3": 287,
      "R_EV@+3": 251,
      "flips_vs_baseline": 3,
      "shock_count": 5,
      "shock_states": [
        "MT",
        "ND",
        "NE-01",
        "NE-03",
        "SD"
      ]
    },
    {
      "centroid_index": 2,
      "csv": "energy_predict\\2028\\2028_csv_centroid_2.csv",
      "txt": "energy_predict\\2028\\2028_centroid_2.txt",
      "tipping": "energy_predict\\2028\\2028_tipping_centroid_2.txt",
      "D_EV@0": 273,
      "R_EV@0": 265,
      "pv_shift": 0.03180872282717956,
      "D_EV@nat": 302,
      "R_EV@nat": 236,
      "D_EV@+3": 302,
      "R_EV@+3": 236,
      "flips_vs_baseline": 3,
      "shock_count": 3,
      "shock_states": [
        "ND",
        "SD",
        "UT"
      ]
    },
    {
      "centroid_index": 3,
      "csv": "energy_predict\\2028\\2028_csv_centroid_3.csv",
      "txt": "energy_predict\\2028\\2028_centroid_3.txt",
      "tipping": "energy_predict\\2028\\2028_tipping_centroid_3.txt",
      "D_EV@0": 249,
      "R_EV@0": 289,
      "pv_shift": 0.03461557973718238,
      "D_EV@nat": 308,
      "R_EV@nat": 230,
      "D_EV@+3": 308,
      "R_EV@+3": 230,
      "flips_vs_baseline": 4,
      "shock_count": 3,
      "shock_states": [
        "AR",
        "ME-02",
        "ME-AL"
      ]
    },
    {
      "centroid_index": 4,
      "csv": "energy_predict\\2028\\2028_csv_centroid_4.csv",
      "txt": "energy_predict\\2028\\2028_centroid_4.txt",
      "tipping": "energy_predict\\2028\\2028_tipping_centroid_4.txt",
      "D_EV@0": 259,
      "R_EV@0": 279,
      "pv_shift": 0.03348628649250947,
      "D_EV@nat": 309,
      "R_EV@nat": 229,
      "D_EV@+3": 294,
      "R_EV@+3": 244,
      "flips_vs_baseline": 5,
      "shock_count": 2,
      "shock_states": [
        "AR",
        "HI"
      ]
    },
    {
      "centroid_index": 5,
      "csv": "energy_predict\\2028\\2028_csv_centroid_5.csv",
      "txt": "energy_predict\\2028\\2028_centroid_5.txt",
      "tipping": "energy_predict\\2028\\2028_tipping_centroid_5.txt",
      "D_EV@0": 252,
      "R_EV@0": 286,
      "pv_shift": 0.03678459105438335,
      "D_EV@nat": 303,
      "R_EV@nat": 235,
      "D_EV@+3": 303,
      "R_EV@+3": 235,
      "flips_vs_baseline": 1,
      "shock_count": 1,
      "shock_states": [
        "ME-02"
      ]
    }
  ],
  "chosen_centroid_index_2028": 5,
  "chosen_pv_shift_2028": 0.03678459105438335,
  "2032": {
    "year": 2032,
    "energy_percentiles": {
      "p5": 2.7837975023559176,
      "p25": 3.4925158315777756,
      "p50": 3.9489394288146507,
      "p75": 4.432432435801671,
      "p95": 4.753159000575121
    },
    "avg_shock_frac": 0.1762037037037037,
    "cluster_sizes": [
      203,
      217,
      213,
      187,
      180
    ],
    "mean_energy_by_cluster": [
      3.8749987254073277,
      3.881531250154386,
      3.805808452736354,
      4.0040852955937005,
      3.973456351675647
    ],
    "K_factors": 7,
    "sd_evd": 0.001748490212973688,
    "mu_shock": 0.2169683257918552,
    "sd_shock": 0.1498859348169306,
    "resid_scale": 0.01737230254085105,
    "example_margin": null,
    "nat_baseline": 0.03678459105438335,
    "nat_mu": -0.003045985305201565,
    "nat_sd": 0.0859579155382838,
    "nat_idio_scale": 0.0347674646178561,
    "pv_shift_by_cluster": [
      0.02992491852611269,
      0.03306066067603403,
      0.031067940429531912,
      0.03997824725601546,
      0.028880711065720058
    ],
    "nat_party_constraint": null,
    "nat_min_delta_required": null,
    "nat_max_delta_required": null
  },
  "2032_results": [
    {
      "centroid_index": 1,
      "csv": "energy_predict\\2032\\2032_csv_centroid_1.csv",
      "txt": "energy_predict\\2032\\2032_centroid_1.txt",
      "tipping": "energy_predict\\2032\\2032_tipping_centroid_1.txt",
      "D_EV@0": 252,
      "R_EV@0": 286,
      "pv_shift": 0.02992491852611269,
      "D_EV@nat": 303,
      "R_EV@nat": 235,
      "D_EV@+3": 303,
      "R_EV@+3": 235,
      "flips_vs_baseline": 0,
      "shock_count": 1,
      "shock_states": [
        "HI"
      ]
    },
    {
      "centroid_index": 2,
      "csv": "energy_predict\\2032\\2032_csv_centroid_2.csv",
      "txt": "energy_predict\\2032\\2032_centroid_2.txt",
      "tipping": "energy_predict\\2032\\2032_tipping_centroid_2.txt",
      "D_EV@0": 251,
      "R_EV@0": 287,
      "pv_shift": 0.03306066067603403,
      "D_EV@nat": 308,
      "R_EV@nat": 230,
      "D_EV@+3": 308,
      "R_EV@+3": 230,
      "flips_vs_baseline": 1,
      "shock_count": 2,
      "shock_states": [
        "ME-02",
        "UT"
      ]
    },
    {
      "centroid_index": 3,
      "csv": "energy_predict\\2032\\2032_csv_centroid_3.csv",
      "txt": "energy_predict\\2032\\2032_centroid_3.txt",
      "tipping": "energy_predict\\2032\\2032_tipping_centroid_3.txt",
      "D_EV@0": 284,
      "R_EV@0": 254,
      "pv_shift": 0.031067940429531912,
      "D_EV@nat": 303,
      "R_EV@nat": 235,
      "D_EV@+3": 303,
      "R_EV@+3": 235,
      "flips_vs_baseline": 2,
      "shock_count": 1,
      "shock_states": [
        "AR"
      ]
    },
    {
      "centroid_index": 4,
      "csv": "energy_predict\\2032\\2032_csv_centroid_4.csv",
      "txt": "energy_predict\\2032\\2032_centroid_4.txt",
      "tipping": "energy_predict\\2032\\2032_tipping_centroid_4.txt",
      "D_EV@0": 252,
      "R_EV@0": 286,
      "pv_shift": 0.03997824725601546,
      "D_EV@nat": 300,
      "R_EV@nat": 238,
      "D_EV@+3": 294,
      "R_EV@+3": 244,
      "flips_vs_baseline": 0,
      "shock_count": 7,
      "shock_states": [
        "IA",
        "MT",
        "ND",
        "NE-01",
        "NE-03",
        "NE-AL",
        "SD"
      ]
    },
    {
      "centroid_index": 5,
      "csv": "energy_predict\\2032\\2032_csv_centroid_5.csv",
      "txt": "energy_predict\\2032\\2032_centroid_5.txt",
      "tipping": "energy_predict\\2032\\2032_tipping_centroid_5.txt",
      "D_EV@0": 274,
      "R_EV@0": 264,
      "pv_shift": 0.028880711065720058,
      "D_EV@nat": 303,
      "R_EV@nat": 235,
      "D_EV@+3": 303,
      "R_EV@+3": 235,
      "flips_vs_baseline": 3,
      "shock_count": 6,
      "shock_states": [
        "IA",
        "MT",
        "ND",
        "NE-01",
        "NE-03",
        "SD"
      ]
    }
  ]
}