{
  "2028": {
    "year": 2028,
    "energy_percentiles": {
      "p5": 2.7707205758894906,
      "p25": 3.471027879583878,
      "p50": 3.992543590670137,
      "p75": 4.395248588243108,
      "p95": 4.696046815873416
    },
    "avg_shock_frac": 0.17135185185185184,
    "cluster_sizes": [
      199,
      213,
      211,
      191,
      186
    ],
    "mean_energy_by_cluster": [
      4.011714603537215,
      3.880978683603211,
      3.7517277432241323,
      3.89921548097661,
      3.9098723899989425
    ],
    "K_factors": 7,
    "sd_evd": 0.0017364124282893889,
    "mu_shock": 0.2169683257918552,
    "sd_shock": 0.1498859348169306,
    "resid_scale": 0.01737230254085105,
    "example_margin": null,
    "nat_baseline": -0.0157166517997343,
    "nat_mu": -0.003045985305201565,
    "nat_sd": 0.0859579155382838,
    "nat_idio_scale": 0.0347674646178561,
    "pv_shift_by_cluster": [
      0.031569597504134225,
      0.03491704531035232,
      0.034756474971425894,
      0.033816661807966955,
      0.032631950212972466
    ],
    "nat_party_constraint": "D",
    "nat_min_delta_required": 0.0157166517997343,
    "nat_max_delta_required": null
  },
  "2028_results": [
    {
      "centroid_index": 1,
      "csv": "energy_predict\\2028\\2028_csv_centroid_1.csv",
      "txt": "energy_predict\\2028\\2028_centroid_1.txt",
      "tipping": "energy_predict\\2028\\2028_tipping_centroid_1.txt",
      "D_EV@0": 263,
      "R_EV@0": 275,
      "pv_shift": 0.031569597504134225,
      "D_EV@nat": 290,
      "R_EV@nat": 248,
      "D_EV@+3": 290,
      "R_EV@+3": 248,
      "flips_vs_baseline": 3,
      "shock_count": 5,
      "shock_states": [
        "MT",
        "ND",
        "NE-01",
        "NE-03",
        "SD"
      ]
    },
    {
      "centroid_index": 2,
      "csv": "energy_predict\\2028\\2028_csv_centroid_2.csv",
      "txt": "energy_predict\\2028\\2028_centroid_2.txt",
      "tipping": "energy_predict\\2028\\2028_tipping_centroid_2.txt",
      "D_EV@0": 254,
      "R_EV@0": 284,
      "pv_shift": 0.03491704531035232,
      "D_EV@nat": 305,
      "R_EV@nat": 233,
      "D_EV@+3": 305,
      "R_EV@+3": 233,
      "flips_vs_baseline": 1,
      "shock_count": 1,
      "shock_states": [
        "ME-02"
      ]
    },
    {
      "centroid_index": 3,
      "csv": "energy_predict\\2028\\2028_csv_centroid_3.csv",
      "txt": "energy_predict\\2028\\2028_centroid_3.txt",
      "tipping": "energy_predict\\2028\\2028_tipping_centroid_3.txt",
      "D_EV@0": 249,
      "R_EV@0": 289,
      "pv_shift": 0.034756474971425894,
      "D_EV@nat": 311,
      "R_EV@nat": 227,
      "D_EV@+3": 311,
      "R_EV@+3": 227,
      "flips_vs_baseline": 4,
      "shock_count": 2,
      "shock_states": [
        "AR",
        "HI"
      ]
    },
    {
      "centroid_index": 4,
      "csv": "energy_predict\\2028\\2028_csv_centroid_4.csv",
      "txt": "energy_predict\\2028\\2028_centroid_4.txt",
      "tipping": "energy_predict\\2028\\2028_tipping_centroid_4.txt",
      "D_EV@0": 255,
      "R_EV@0": 283,
      "pv_shift": 0.033816661807966955,
      "D_EV@nat": 310,
      "R_EV@nat": 228,
      "D_EV@+3": 310,
      "R_EV@+3": 228,
      "flips_vs_baseline": 3,
      "shock_count": 3,
      "shock_states": [
        "AR",
        "ME-02",
        "ME-AL"
      ]
    },
    {
      "centroid_index": 5,
      "csv": "energy_predict\\2028\\2028_csv_centroid_5.csv",
      "txt": "energy_predict\\2028\\2028_centroid_5.txt",
      "tipping": "energy_predict\\2028\\2028_tipping_centroid_5.txt",
      "D_EV@0": 274,
      "R_EV@0": 264,
      "pv_shift": 0.032631950212972466,
      "D_EV@nat": 304,
      "R_EV@nat": 234,
      "D_EV@+3": 304,
      "R_EV@+3": 234,
      "flips_vs_baseline": 3,
      "shock_count": 4,
      "shock_states": [
        "MT",
        "ND",
        "SD",
        "UT"
      ]
    }
  ],
  "chosen_centroid_index_2028": 2,
  "chosen_pv_shift_2028": 0.03491704531035232,
  "2032": {
    "year": 2032,
    "energy_percentiles": {
      "p5": 2.789260111495633,
      "p25": 3.474791852274188,
      "p50": 3.9460710813050404,
      "p75": 4.407094855565171,
      "p95": 4.712522723754372
    },
    "avg_shock_frac": 0.1746111111111111,
    "cluster_sizes": [
      216,
      221,
      177,
      204,
      182
    ],
    "mean_energy_by_cluster": [
      3.8188431503391116,
      3.833115914110451,
      3.9634588414026757,
      3.8979126269374444,
      3.9533632402673633
    ],
    "K_factors": 7,
    "sd_evd": 0.0017364124282893889,
    "mu_shock": 0.2169683257918552,
    "sd_shock": 0.1498859348169306,
    "resid_scale": 0.01737230254085105,
    "example_margin": null,
    "nat_baseline": 0.03491704531035232,
    "nat_mu": -0.003045985305201565,
    "nat_sd": 0.0859579155382838,
    "nat_idio_scale": 0.0347674646178561,
    "pv_shift_by_cluster": [
      0.0306086578212243,
      0.033571187757608326,
      0.02473929595072507,
      0.028515628373351157,
      0.030297006352905193
    ],
    "nat_party_constraint": null,
    "nat_min_delta_required": null,
    "nat_max_delta_required": null
  },
  "2032_results": [
    {
      "centroid_index": 1,
      "csv": "energy_predict\\2032\\2032_csv_centroid_1.csv",
      "txt": "energy_predict\\2032\\2032_centroid_1.txt",
      "tipping": "energy_predict\\2032\\2032_tipping_centroid_1.txt",
      "D_EV@0": 253,
      "R_EV@0": 285,
      "pv_shift": 0.0306086578212243,
      "D_EV@nat": 310,
      "R_EV@nat": 228,
      "D_EV@+3": 310,
      "R_EV@+3": 228,
      "flips_vs_baseline": 1,
      "shock_count": 1,
      "shock_states": [
        "ME-02"
      ]
    },
    {
      "centroid_index": 2,
      "csv": "energy_predict\\2032\\2032_csv_centroid_2.csv",
      "txt": "energy_predict\\2032\\2032_centroid_2.txt",
      "tipping": "energy_predict\\2032\\2032_tipping_centroid_2.txt",
      "D_EV@0": 254,
      "R_EV@0": 284,
      "pv_shift": 0.033571187757608326,
      "D_EV@nat": 305,
      "R_EV@nat": 233,
      "D_EV@+3": 305,
      "R_EV@+3": 233,
      "flips_vs_baseline": 0,
      "shock_count": 0,
      "shock_states": []
    },
    {
      "centroid_index": 3,
      "csv": "energy_predict\\2032\\2032_csv_centroid_3.csv",
      "txt": "energy_predict\\2032\\2032_centroid_3.txt",
      "tipping": "energy_predict\\2032\\2032_tipping_centroid_3.txt",
      "D_EV@0": 274,
      "R_EV@0": 264,
      "pv_shift": 0.02473929595072507,
      "D_EV@nat": 305,
      "R_EV@nat": 233,
      "D_EV@+3": 305,
      "R_EV@+3": 233,
      "flips_vs_baseline": 4,
      "shock_count": 6,
      "shock_states": [
        "IA",
        "ND",
        "NE-01",
        "NE-03",
        "NE-AL",
        "SD"
      ]
    },
    {
      "centroid_index": 4,
      "csv": "energy_predict\\2032\\2032_csv_centroid_4.csv",
      "txt": "energy_predict\\2032\\2032_centroid_4.txt",
      "tipping": "energy_predict\\2032\\2032_tipping_centroid_4.txt",
      "D_EV@0": 254,
      "R_EV@0": 284,
      "pv_shift": 0.028515628373351157,
      "D_EV@nat": 305,
      "R_EV@nat": 233,
      "D_EV@+3": 305,
      "R_EV@+3": 233,
      "flips_vs_baseline": 0,
      "shock_count": 1,
      "shock_states": [
        "HI"
      ]
    },
    {
      "centroid_index": 5,
      "csv": "energy_predict\\2032\\2032_csv_centroid_5.csv",
      "txt": "energy_predict\\2032\\2032_centroid_5.txt",
      "tipping": "energy_predict\\2032\\2032_tipping_centroid_5.txt",
      "D_EV@0": 254,
      "R_EV@0": 284,
      "pv_shift": 0.030297006352905193,
      "D_EV@nat": 296,
      "R_EV@nat": 242,
      "D_EV@+3": 296,
      "R_EV@+3": 242,
      "flips_vs_baseline": 0,
      "shock_count": 7,
      "shock_states": [
        "IA",
        "MT",
        "ND",
        "NE-01",
        "NE-03",
        "NE-AL",
        "SD"
      ]
    }
  ]
}