{
  "year": 2044,
  "energy_percentiles": {
    "p5": 0.625,
    "p25": 0.75,
    "p50": 0.75,
    "p75": 0.75,
    "p95": 0.75
  },
  "avg_shock_frac": 0.20711111111111108,
  "cluster_sizes": [
    158,
    182,
    251,
    183,
    226
  ],
  "mean_energy_by_cluster": [
    0.7183544303797469,
    0.7362637362637363,
    0.724601593625498,
    0.7336065573770492,
    0.7345132743362832
  ],
  "K_factors": 7,
  "sd_evd": 0.001748490212973688,
  "mu_shock": 0.2169683257918552,
  "sd_shock": 0.1498859348169306,
  "resid_scale": 0.01737230254085105,
  "example_margin": null,
  "nat_baseline": 0.06713886992779139,
  "nat_mu": -0.003045985305201565,
  "nat_sd": 0.0859579155382838,
  "nat_idio_scale": 0.0347674646178561,
  "pv_shift_by_cluster": [
    0.0618137101320653,
    0.06578499120989563,
    0.0678950553721453,
    0.058232563918788394,
    0.06552652960670632
  ],
  "nat_party_constraint": null,
  "nat_min_delta_required": null,
  "nat_max_delta_required": null
}