{
  "year": 2044,
  "energy_percentiles": {
    "p5": 3.5828815045488422,
    "p25": 4.3718314511937315,
    "p50": 4.979416790505912,
    "p75": 5.465514850461762,
    "p95": 5.9305442863807665
  },
  "avg_shock_frac": 0.172,
  "cluster_sizes": [
    201,
    176,
    207,
    181,
    235
  ],
  "mean_energy_by_cluster": [
    4.883155627246588,
    5.009707811127876,
    4.8805060243109715,
    4.857335891262722,
    4.864599839288034
  ],
  "K_factors": 7,
  "sd_evd": 0.001748490212973688,
  "mu_shock": 0.2169683257918552,
  "sd_shock": 0.1498859348169306,
  "resid_scale": 0.01737230254085105,
  "example_margin": null,
  "nat_baseline": 0.13907614428519494,
  "nat_mu": -0.003045985305201565,
  "nat_sd": 0.0859579155382838,
  "nat_idio_scale": 0.0347674646178561,
  "pv_shift_by_cluster": [
    0.17192352119838517,
    0.17157698102402388,
    0.16988980390562297,
    0.17425204633036356,
    0.17173260206340102
  ],
  "nat_party_constraint": "D",
  "nat_min_delta_required": 0.0,
  "nat_max_delta_required": null
}