{
  "year": 2056,
  "energy_percentiles": {
    "p5": 0.625,
    "p25": 0.75,
    "p50": 0.75,
    "p75": 0.75,
    "p95": 0.75
  },
  "avg_shock_frac": 0.22142592592592591,
  "cluster_sizes": [
    218,
    172,
    177,
    229,
    204
  ],
  "mean_energy_by_cluster": [
    0.7477064220183486,
    0.7441860465116279,
    0.731638418079096,
    0.7478165938864629,
    0.7444852941176471
  ],
  "K_factors": 7,
  "sd_evd": 0.001748490212973688,
  "mu_shock": 0.2169683257918552,
  "sd_shock": 0.1498859348169306,
  "resid_scale": 0.01737230254085105,
  "example_margin": null,
  "nat_baseline": 0.06229249556584014,
  "nat_mu": -0.003045985305201565,
  "nat_sd": 0.0859579155382838,
  "nat_idio_scale": 0.0347674646178561,
  "pv_shift_by_cluster": [
    0.05448140416596998,
    0.05616753598263459,
    0.05648191665876035,
    0.05623695517905872,
    0.05892086217139362
  ],
  "nat_party_constraint": null,
  "nat_min_delta_required": null,
  "nat_max_delta_required": null
}