{
  "year": 2056,
  "energy_percentiles": {
    "p5": 3.6477138708752177,
    "p25": 4.512244935397089,
    "p50": 5.103273387619753,
    "p75": 5.585478872527184,
    "p95": 5.961694362065493
  },
  "avg_shock_frac": 0.17361111111111108,
  "cluster_sizes": [
    189,
    201,
    186,
    209,
    215
  ],
  "mean_energy_by_cluster": [
    4.903163588229142,
    5.071111734062117,
    5.083923754366111,
    4.965533450115544,
    4.952412864605621
  ],
  "K_factors": 7,
  "sd_evd": 0.001748490212973688,
  "mu_shock": 0.2169683257918552,
  "sd_shock": 0.1498859348169306,
  "resid_scale": 0.01737230254085105,
  "example_margin": null,
  "nat_baseline": 0.2374614884875807,
  "nat_mu": -0.003045985305201565,
  "nat_sd": 0.0859579155382838,
  "nat_idio_scale": 0.0347674646178561,
  "pv_shift_by_cluster": [
    0.2714824355284237,
    0.272739197999206,
    0.27010294962740405,
    0.2714090059472253,
    0.26949617919378455
  ],
  "nat_party_constraint": "D",
  "nat_min_delta_required": 0.0,
  "nat_max_delta_required": null
}