{
  "year": 2048,
  "energy_percentiles": {
    "p5": 0.625,
    "p25": 0.75,
    "p50": 0.75,
    "p75": 0.75,
    "p95": 0.75
  },
  "avg_shock_frac": 0.21031481481481482,
  "cluster_sizes": [
    182,
    198,
    234,
    181,
    205
  ],
  "mean_energy_by_cluster": [
    0.7307692307692307,
    0.7165404040404041,
    0.7313034188034188,
    0.7251381215469613,
    0.7347560975609756
  ],
  "K_factors": 7,
  "sd_evd": 0.001748490212973688,
  "mu_shock": 0.2169683257918552,
  "sd_shock": 0.1498859348169306,
  "resid_scale": 0.01737230254085105,
  "example_margin": null,
  "nat_baseline": 0.0678950553721453,
  "nat_mu": -0.003045985305201565,
  "nat_sd": 0.0859579155382838,
  "nat_idio_scale": 0.0347674646178561,
  "pv_shift_by_cluster": [
    0.06066616416107028,
    0.06069926856499156,
    0.05895094369374528,
    0.07374253057561121,
    0.06320591468840477
  ],
  "nat_party_constraint": null,
  "nat_min_delta_required": null,
  "nat_max_delta_required": null
}