{
  "year": 2048,
  "energy_percentiles": {
    "p5": 3.690794957528205,
    "p25": 4.472121314618839,
    "p50": 5.057591807913186,
    "p75": 5.572244474422096,
    "p95": 6.023747775348714
  },
  "avg_shock_frac": 0.17537037037037037,
  "cluster_sizes": [
    200,
    202,
    205,
    212,
    181
  ],
  "mean_energy_by_cluster": [
    4.982779476561594,
    4.977507548879538,
    5.070008505620588,
    4.899472896622609,
    4.937207448646762
  ],
  "K_factors": 7,
  "sd_evd": 0.001748490212973688,
  "mu_shock": 0.2169683257918552,
  "sd_shock": 0.1498859348169306,
  "resid_scale": 0.01737230254085105,
  "example_margin": null,
  "nat_baseline": 0.17173260206340102,
  "nat_mu": -0.003045985305201565,
  "nat_sd": 0.0859579155382838,
  "nat_idio_scale": 0.0347674646178561,
  "pv_shift_by_cluster": [
    0.2052089439376538,
    0.20531542424757362,
    0.20611720037667278,
    0.2023826672293594,
    0.20727211184887792
  ],
  "nat_party_constraint": "D",
  "nat_min_delta_required": 0.0,
  "nat_max_delta_required": null
}