{
  "year": 2076,
  "energy_percentiles": {
    "p5": 0.625,
    "p25": 0.625,
    "p50": 0.625,
    "p75": 0.625,
    "p95": 0.625
  },
  "avg_shock_frac": 0.21131481481481482,
  "cluster_sizes": [
    229,
    195,
    197,
    153,
    226
  ],
  "mean_energy_by_cluster": [
    0.625,
    0.625,
    0.625,
    0.625,
    0.625
  ],
  "K_factors": 7,
  "sd_evd": 0.001748490212973688,
  "mu_shock": 0.2169683257918552,
  "sd_shock": 0.1498859348169306,
  "resid_scale": 0.01737230254085105,
  "example_margin": null,
  "nat_baseline": 0.03640781739425968,
  "nat_mu": -0.003045985305201565,
  "nat_sd": 0.0859579155382838,
  "nat_idio_scale": 0.0347674646178561,
  "pv_shift_by_cluster": [
    0.030464841120186766,
    0.03227108062305838,
    0.0340141764416636,
    0.03628307294580987,
    0.0370572679932638
  ],
  "nat_party_constraint": null,
  "nat_min_delta_required": null,
  "nat_max_delta_required": null
}